GROUP,PACKAGE,CLASS,INSTRUCTION_MISSED,INSTRUCTION_COVERED,BRANCH_MISSED,BRANCH_COVERED,LINE_MISSED,LINE_COVERED,COMPLEXITY_MISSED,COMPLEXITY_COVERED,METHOD_MISSED,METHOD_COVERED
Blocpress E2E Coverage/blocpress-workbench,io.github.flaechsig.blocpress.workbench.entity,TestDataSet,0,29,0,0,0,10,0,2,0,2
Blocpress E2E Coverage/blocpress-workbench,io.github.flaechsig.blocpress.workbench.entity,Template,0,52,0,2,0,15,0,5,0,4
Blocpress E2E Coverage/blocpress-workbench,io.github.flaechsig.blocpress.workbench.entity,ValidationResult.ValidationMessage,0,9,0,0,0,1,0,1,0,1
Blocpress E2E Coverage/blocpress-workbench,io.github.flaechsig.blocpress.workbench.entity,TemplateStatus,0,27,0,0,0,5,0,1,0,1
Blocpress E2E Coverage/blocpress-workbench,io.github.flaechsig.blocpress.workbench.entity,TemplateType,0,15,0,0,0,3,0,1,0,1
Blocpress E2E Coverage/blocpress-workbench,io.github.flaechsig.blocpress.workbench.entity,ValidationResult,0,21,0,0,0,1,0,1,0,1
Blocpress E2E Coverage/blocpress-workbench,io.github.flaechsig.blocpress.workbench,TemplateResource.IgnoreBlockRequest,9,0,0,0,1,0,1,0,1,0
Blocpress E2E Coverage/blocpress-workbench,io.github.flaechsig.blocpress.workbench,SearchResource.SearchHit,0,21,0,0,0,1,0,1,0,1
Blocpress E2E Coverage/blocpress-workbench,io.github.flaechsig.blocpress.workbench,WebDavResource,529,0,32,0,122,0,37,0,21,0
Blocpress E2E Coverage/blocpress-workbench,io.github.flaechsig.blocpress.workbench,TemplateResource.TemplateSummary,0,24,0,0,0,1,0,1,0,1
Blocpress E2E Coverage/blocpress-workbench,io.github.flaechsig.blocpress.workbench,TemplateResource.IgnoredPatternsRequest,6,0,0,0,1,0,1,0,1,0
Blocpress E2E Coverage/blocpress-workbench,io.github.flaechsig.blocpress.workbench,TemplateResource.TemplateDetails,0,27,0,0,0,1,0,1,0,1
Blocpress E2E Coverage/blocpress-workbench,io.github.flaechsig.blocpress.workbench,TemplateResource.CreateTestDataSetRequest,0,9,0,0,0,1,0,1,0,1
Blocpress E2E Coverage/blocpress-workbench,io.github.flaechsig.blocpress.workbench,RenderImportClient.ImportRequest,18,0,0,0,1,0,1,0,1,0
Blocpress E2E Coverage/blocpress-workbench,io.github.flaechsig.blocpress.workbench,SearchResource.SearchResult,0,9,0,0,0,1,0,1,0,1
Blocpress E2E Coverage/blocpress-workbench,io.github.flaechsig.blocpress.workbench,TemplateResource.StatusUpdateRequest,0,6,0,0,0,1,0,1,0,1
Blocpress E2E Coverage/blocpress-workbench,io.github.flaechsig.blocpress.workbench,TemplateResource.DuplicateRequest,0,6,0,0,0,1,0,1,0,1
Blocpress E2E Coverage/blocpress-workbench,io.github.flaechsig.blocpress.workbench,TemplateResource,1189,957,157,79,236,218,104,52,15,22
Blocpress E2E Coverage/blocpress-workbench,io.github.flaechsig.blocpress.workbench,TemplateResource.RegressionResult,21,0,0,0,1,0,1,0,1,0
Blocpress E2E Coverage/blocpress-workbench,io.github.flaechsig.blocpress.workbench,TemplateResource.RejectRequest,6,0,0,0,1,0,1,0,1,0
Blocpress E2E Coverage/blocpress-workbench,io.github.flaechsig.blocpress.workbench,TemplateResource.NotesRequest,6,0,0,0,1,0,1,0,1,0
Blocpress E2E Coverage/blocpress-workbench,io.github.flaechsig.blocpress.workbench,TemplateResource.PreviewRequest,0,9,0,0,0,1,0,1,0,1
Blocpress E2E Coverage/blocpress-workbench,io.github.flaechsig.blocpress.workbench,TemplateResource.TestDataSetDTO,2,49,1,1,0,2,1,2,0,2
Blocpress E2E Coverage/blocpress-workbench,io.github.flaechsig.blocpress.workbench,SearchResource,13,152,3,7,3,27,3,7,0,5
Blocpress E2E Coverage/blocpress-workbench,io.github.flaechsig.blocpress.workbench.repository,TestDataSetRepository,21,29,0,0,3,3,2,3,2,3
Blocpress E2E Coverage/blocpress-workbench,io.github.flaechsig.blocpress.workbench.service,PdfComparisonService.PageBlocks,9,0,0,0,1,0,1,0,1,0
Blocpress E2E Coverage/blocpress-workbench,io.github.flaechsig.blocpress.workbench.service,PdfComparisonService,1701,7,108,0,271,2,83,2,29,2
Blocpress E2E Coverage/blocpress-workbench,io.github.flaechsig.blocpress.workbench.service,PdfComparisonService.AreaIgnore,15,0,0,0,1,0,1,0,1,0
Blocpress E2E Coverage/blocpress-workbench,io.github.flaechsig.blocpress.workbench.service,CoverageAnalysisService.CoverageReport,18,0,0,0,1,0,1,0,1,0
Blocpress E2E Coverage/blocpress-workbench,io.github.flaechsig.blocpress.workbench.service,PdfComparisonService.DiffResult,9,0,0,0,1,0,1,0,1,0
Blocpress E2E Coverage/blocpress-workbench,io.github.flaechsig.blocpress.workbench.service,PdfComparisonService.TextBlock,18,0,0,0,1,0,1,0,1,0
Blocpress E2E Coverage/blocpress-workbench,io.github.flaechsig.blocpress.workbench.service,ElasticsearchIndexService,56,541,10,12,13,106,10,12,0,11
Blocpress E2E Coverage/blocpress-workbench,io.github.flaechsig.blocpress.workbench.service,PdfComparisonService.DiffPage,27,0,0,0,1,0,1,0,1,0
Blocpress E2E Coverage/blocpress-workbench,io.github.flaechsig.blocpress.workbench.service,PdfComparisonService.DiffPagesReport,15,0,0,0,1,0,1,0,1,0
Blocpress E2E Coverage/blocpress-workbench,io.github.flaechsig.blocpress.workbench.service,CoverageAnalysisService.TestDataSuggestion,12,0,0,0,1,0,1,0,1,0
Blocpress E2E Coverage/blocpress-workbench,io.github.flaechsig.blocpress.workbench.service,PdfComparisonService.DiffBlock,18,0,0,0,1,0,1,0,1,0
Blocpress E2E Coverage/blocpress-workbench,io.github.flaechsig.blocpress.workbench.service,CoverageAnalysisService,930,3,140,0,159,1,86,1,16,1
Blocpress E2E Coverage/blocpress-workbench,io.github.flaechsig.blocpress.workbench.service,JsonSchemaGenerator,78,497,51,68,22,89,50,18,1,7
Blocpress E2E Coverage/blocpress-workbench,io.github.flaechsig.blocpress.workbench.service,TestDataSetService,37,144,6,10,8,39,7,11,1,9
Blocpress E2E Coverage/blocpress-workbench,io.github.flaechsig.blocpress.workbench.service,TemplateValidator,140,268,27,18,41,66,20,8,0,5
Blocpress E2E Coverage/blocpress-render,io.github.flaechsig.blocpress.render.model,RenderRequest,118,39,14,0,19,16,11,10,4,10
Blocpress E2E Coverage/blocpress-render,io.github.flaechsig.blocpress.render.model,RenderRequest.OutputTypeEnum,41,60,6,2,6,9,6,4,2,4
Blocpress E2E Coverage/blocpress-render,io.github.flaechsig.blocpress.render.model,RenderByNameRequest,104,17,12,0,21,7,12,5,6,5
Blocpress E2E Coverage/blocpress-render,io.github.flaechsig.blocpress.render.model,RenderByNameRequest.OutputTypeEnum,41,60,6,2,6,9,6,4,2,4
Blocpress E2E Coverage/blocpress-render,io.github.flaechsig.blocpress.render,AsyncRenderResource,215,0,19,0,53,0,16,0,6,0
Blocpress E2E Coverage/blocpress-render,io.github.flaechsig.blocpress.render,RenderDashboardResource,118,0,6,0,20,0,7,0,4,0
Blocpress E2E Coverage/blocpress-render,io.github.flaechsig.blocpress.render,RenderResource,144,186,6,7,32,39,5,10,0,6
Blocpress E2E Coverage/blocpress-render,io.github.flaechsig.blocpress.render,RenderJobStatus,0,27,0,0,0,5,0,1,0,1
Blocpress E2E Coverage/blocpress-render,io.github.flaechsig.blocpress.render,TemplateCache,74,0,4,0,15,0,6,0,4,0
Blocpress E2E Coverage/blocpress-render,io.github.flaechsig.blocpress.render,TemplateNotFoundException,4,0,0,0,2,0,1,0,1,0
Blocpress E2E Coverage/blocpress-render,io.github.flaechsig.blocpress.render,TemplateImportResource,44,0,0,0,10,0,2,0,2,0
Blocpress E2E Coverage/blocpress-render,io.github.flaechsig.blocpress.render,RenderJob,31,0,2,0,11,0,3,0,2,0
Blocpress E2E Coverage/blocpress-render,io.github.flaechsig.blocpress.render,WebhookSender,100,7,4,0,20,2,5,2,3,2
Blocpress E2E Coverage/blocpress-render,io.github.flaechsig.blocpress.render,RenderJobWorker,164,0,5,0,34,0,6,0,3,0
Blocpress E2E Coverage/blocpress-render,io.github.flaechsig.blocpress.render,LibreOfficePool,49,151,6,5,14,36,6,6,1,5
Blocpress E2E Coverage/blocpress-render,io.github.flaechsig.blocpress.render,RenderDashboardResource.DashboardStats,18,0,0,0,1,0,1,0,1,0
Blocpress E2E Coverage/blocpress-render,io.github.flaechsig.blocpress.render,RenderDashboardResource.JobSummary,24,0,0,0,1,0,1,0,1,0
Blocpress E2E Coverage/blocpress-render,io.github.flaechsig.blocpress.render,ProductionTemplate,14,0,0,0,3,0,2,0,2,0
Blocpress E2E Coverage/blocpress-render,io.github.flaechsig.blocpress.render,TemplateImportResource.ImportRequest,0,18,0,0,0,1,0,1,0,1
Blocpress E2E Coverage/blocpress-render,io.github.flaechsig.blocpress.render,AsyncRenderResource.JobRequest,15,0,0,0,1,0,1,0,1,0
Blocpress E2E Coverage/blocpress-render,io.github.flaechsig.blocpress.render,AsyncRenderResource.JobStatus,30,0,0,0,1,0,1,0,1,0
Blocpress E2E Coverage/blocpress-core,io.github.flaechsig.blocpress.core.odt,OdtHelper,7,67,2,4,2,13,2,3,0,2
Blocpress E2E Coverage/blocpress-core,io.github.flaechsig.blocpress.core.odt,OdtTemplateDocument,156,1284,71,133,30,265,69,68,1,33
Blocpress E2E Coverage/blocpress-core,io.github.flaechsig.blocpress.core.odt,UserFieldFormatter,151,666,56,74,35,130,46,34,0,11
Blocpress E2E Coverage/blocpress-core,io.github.flaechsig.blocpress.core.odt,OdtTemplateSectionElement,53,102,12,11,12,23,12,3,0,3
Blocpress E2E Coverage/blocpress-core,io.github.flaechsig.blocpress.core.odt,UserFieldFormatter.NumberStyle,0,87,0,6,0,13,0,6,0,3
Blocpress E2E Coverage/blocpress-core,io.github.flaechsig.blocpress.core.odt,JexlConditionEvaluator,276,101,42,2,62,27,26,4,4,4
Blocpress E2E Coverage/blocpress-core,io.github.flaechsig.blocpress.core.odt,OdtTextExtractor,0,55,1,5,0,13,1,4,0,2
Blocpress E2E Coverage/blocpress-core,io.github.flaechsig.blocpress.core.odt,OdtTemplateElement,105,649,63,107,24,141,59,54,2,26
Blocpress E2E Coverage/blocpress-core,io.github.flaechsig.blocpress.core.odt,OdtTemplateElement.PathValue,0,9,0,0,0,1,0,1,0,1
Blocpress E2E Coverage/blocpress-core,io.github.flaechsig.blocpress.core,LibreOfficeProcessor,34,166,3,6,6,36,4,5,1,3
Blocpress E2E Coverage/blocpress-core,io.github.flaechsig.blocpress.core,RenderEngine,69,253,21,35,7,61,21,17,1,9
Blocpress E2E Coverage/blocpress-core,io.github.flaechsig.blocpress.core,DataType,0,27,0,0,0,2,0,1,0,1
Blocpress E2E Coverage/blocpress-core,io.github.flaechsig.blocpress.core,OutputFormat,0,35,0,0,0,8,0,3,0,3
Blocpress E2E Coverage/blocpress-core,io.github.flaechsig.blocpress.core,TemplateDocument,0,82,1,11,0,18,1,9,0,4
